{
  "candidates": 5798464000,
  "prefilter": 344,
  "verified": [
    {
      "C": 1,
      "b3": 6,
      "b2": 9,
      "b1": 5,
      "b0": 1,
      "target": "8/7*1/z3",
      "cf": 0.9507512829493799,
      "diff": 0.0,
      "has_2n1": true,
      "match": "8/7*1/z3",
      "digits": 70,
      "cf_hp": "0.950751282949379964209287175796"
    },
    {
      "C": 1,
      "b3": 34,
      "b2": 51,
      "b1": 27,
      "b0": 5,
      "target": "6*1/z3",
      "cf": 4.991444235484245,
      "diff": 0.0,
      "has_2n1": true,
      "match": "6*1/z3",
      "digits": 70,
      "cf_hp": "4.99144423548424481209875767293"
    }
  ],
  "total_s": 19784.29197883606
}