{
  "match": "20/19*S^(9)",
  "a": [
    0,
    21,
    -2
  ],
  "b": [
    1,
    3
  ],
  "score": 446,
  "convergents": [
    [
      10,
      "3.613112507540960149761057693886396146577",
      0.0
    ],
    [
      20,
      "3.613112507469900703614927098490734266819",
      10.1
    ],
    [
      50,
      "3.613112507469900703613264220097807263302",
      20.8
    ],
    [
      100,
      "3.613112507469900703613264220097807263302",
      39.4
    ],
    [
      200,
      "3.613112507469900703613264220097807263302",
      62.4
    ],
    [
      500,
      "3.613112507469900703613264220097807263302",
      100.8
    ]
  ],
  "wronskian_stable": true,
  "wronskian_digits": 249.6,
  "timestamp": "2026-04-08T07:23:38.387003"
}