{
  "match": "1/1*4/pi",
  "a": [
    0,
    3,
    -2
  ],
  "b": [
    1,
    3,
    0
  ],
  "score": 482,
  "convergents": [
    [
      10,
      "1.273239169485034894381413741899747635871",
      0.0
    ],
    [
      20,
      "1.273239544687555469764895913804940955673",
      6.4
    ],
    [
      50,
      "1.273239544735162686148717694649790528803",
      10.3
    ],
    [
      100,
      "1.273239544735162686151070106980114896072",
      20.6
    ],
    [
      200,
      "1.273239544735162686151070106980114896276",
      36.7
    ],
    [
      500,
      "1.273239544735162686151070106980114896276",
      67.8
    ]
  ],
  "wronskian_stable": true,
  "wronskian_digits": 249.6,
  "timestamp": "2026-04-08T18:51:16.630122"
}