{
  "match": "5/6*S^(3)",
  "a": [
    0,
    5,
    -2
  ],
  "b": [
    1,
    3,
    0
  ],
  "score": 528.6,
  "convergents": [
    [
      10,
      "1.697652736927256745158629772354360305163",
      0.0
    ],
    [
      20,
      "1.697652726313827108727051931721930756803",
      8.0
    ],
    [
      50,
      "1.697652726313550248201428107096470705045",
      12.6
    ],
    [
      100,
      "1.697652726313550248201426809306819861701",
      23.9
    ],
    [
      200,
      "1.697652726313550248201426809306819861701",
      40.8
    ],
    [
      500,
      "1.697652726313550248201426809306819861701",
      72.8
    ]
  ],
  "wronskian_stable": true,
  "wronskian_digits": 249.8,
  "timestamp": "2026-04-08T18:51:15.137145"
}