{
  "match": "16/15*S^(7)",
  "a": [
    0,
    17,
    -2
  ],
  "b": [
    1,
    3
  ],
  "score": 504.0,
  "convergents": [
    [
      10,
      "3.241764833101954768557640498069964166993",
      0.0
    ],
    [
      20,
      "3.241764833091049797985733410037026700051",
      11.0
    ],
    [
      50,
      "3.24176483309104979796412317525442151709",
      19.7
    ],
    [
      100,
      "3.241764833091049797964123175254421516796",
      36.5
    ],
    [
      200,
      "3.241764833091049797964123175254421516796",
      58.0
    ],
    [
      500,
      "3.241764833091049797964123175254421516796",
      94.9
    ]
  ],
  "wronskian_stable": true,
  "wronskian_digits": 250.0,
  "timestamp": "2026-04-08T18:51:15.810100"
}