{
  "match": "1/2*4/pi",
  "a": [
    0,
    1,
    -2
  ],
  "b": [
    1,
    3,
    0
  ],
  "score": 486,
  "convergents": [
    [
      10,
      "0.636718399903093176191169715777327164159",
      0.0
    ],
    [
      20,
      "0.6366198442751227735275662777868234599545",
      4.0
    ],
    [
      50,
      "0.6366197723675813870098382978474872013447",
      7.1
    ],
    [
      100,
      "0.6366197723675813430755350534900854021532",
      16.4
    ],
    [
      200,
      "0.6366197723675813430755350534900574481378",
      31.6
    ],
    [
      500,
      "0.6366197723675813430755350534900574481378",
      61.8
    ]
  ],
  "wronskian_stable": true,
  "wronskian_digits": 249.5,
  "timestamp": "2026-04-08T18:51:16.293607"
}