{
  "match": "19/20*S^(10)",
  "a": [
    0,
    19,
    -2
  ],
  "b": [
    1,
    3
  ],
  "score": 500.29999999999995,
  "convergents": [
    [
      10,
      "3.432456882076487458950565160285459963849",
      0.0
    ],
    [
      20,
      "3.43245688209640566842735745613553524381",
      10.7
    ],
    [
      50,
      "3.432456882096405668432601009092916900128",
      20.3
    ],
    [
      100,
      "3.432456882096405668432601009092916900137",
      38.0
    ],
    [
      200,
      "3.432456882096405668432601009092916900137",
      60.3
    ],
    [
      500,
      "3.432456882096405668432601009092916900137",
      98.0
    ]
  ],
  "wronskian_stable": true,
  "wronskian_digits": 249.7,
  "timestamp": "2026-04-08T18:51:16.087481"
}