{
  "match": "8/5*4/pi",
  "a": [
    0,
    7,
    -2
  ],
  "b": [
    1,
    3,
    0
  ],
  "score": 474,
  "convergents": [
    [
      10,
      "2.037183270756885377719586809847300129773",
      0.0
    ],
    [
      20,
      "2.037183271576255569134385525997471199794",
      9.1
    ],
    [
      50,
      "2.037183271576260297841712168823906307643",
      14.3
    ],
    [
      100,
      "2.037183271576260297841712171168183834041",
      26.6
    ],
    [
      200,
      "2.037183271576260297841712171168183834041",
      44.3
    ],
    [
      500,
      "2.037183271576260297841712171168183834041",
      77.2
    ]
  ],
  "wronskian_stable": true,
  "wronskian_digits": 249.1,
  "timestamp": "2026-04-08T18:51:17.160298"
}