{
  "match": "14/13*S^(6)",
  "a": [
    0,
    15,
    -2
  ],
  "b": [
    1,
    3
  ],
  "score": 508.29999999999995,
  "convergents": [
    [
      10,
      "3.03915453101283160187698998650983806177",
      0.0
    ],
    [
      20,
      "3.039154531022859185472457358840575290277",
      11.0
    ],
    [
      50,
      "3.039154531022859185591365476801020159269",
      18.9
    ],
    [
      100,
      "3.039154531022859185591365476801020171996",
      34.9
    ],
    [
      200,
      "3.039154531022859185591365476801020171996",
      55.7
    ],
    [
      500,
      "3.039154531022859185591365476801020171996",
      91.8
    ]
  ],
  "wronskian_stable": true,
  "wronskian_digits": 249.2,
  "timestamp": "2026-04-08T18:51:15.461493"
}